R,B,x_F,F,N,q,x_D,Q_R
3.870969850339656,1.086787833990222,0.6179896456186761,108.48889406950806,25,0.8,0.9547470620932692,926.4571742694235
3.9263088390562038,2.0905652916686615,0.5162278381950218,118.09197576663978,20,1.2,0.9437540355191371,1378.3272696116792
3.2171389901235266,2.039507308380462,0.5391841765107845,117.46065538544963,15,1.0,0.833825209775711,1193.219197953324
2.870348057528215,2.369246666383547,0.6372411342775437,92.34346529928823,25,1.2,0.9480897336963735,1250.0069853510952
4.541089886986445,2.0131240855966555,0.23370409763498246,82.9260554900778,15,1.0,0.787251439716729,896.4036568162077
1.5277190278721466,1.4884196137501582,0.54410952971611,97.64663369372977,15,0.8,0.7835986621044132,831.9441484097903
4.609750525757372,2.5448416470517374,0.6252613037609347,115.79622594159501,15,0.8,0.8703063711455196,1401.301232836794
4.321919264445079,0.5945731123546828,0.34533749861160246,114.66598813822543,25,1.0,0.9571963054899987,785.1177588712794
3.743864891173712,1.3788960618118533,0.5902587202950798,96.42983908695243,15,0.8,0.8604831168269214,768.7055648079343
1.9179052412871866,2.613245353952236,0.65110903393357,105.90511678180113,20,1.0,0.9038716814026587,1409.544657956862
4.249622114072566,0.7377267221810003,0.7481388863894276,94.22126845717104,25,1.0,0.9508959827732603,664.6987354135471
3.655071584829268,1.1115758951103438,0.8516196180219855,104.83904116856868,20,0.8,0.9500880247979326,793.6620511273969
3.523917484962599,2.598729288903117,0.9346285639718048,82.55030137486453,15,0.8,0.9511227357498407,944.9518947888296
4.220294559336531,1.6510111575109605,0.9273863970197604,105.60818849819654,20,1.0,0.9437741380336633,1006.9049422702378
3.5932905138529847,2.2862294358457027,0.4695854575225457,101.94990996882646,15,0.8,0.8239977357199965,1137.3553903298184
2.8090602758969565,1.4598277550175984,0.5464091751064515,108.75969131467355,20,0.8,0.9278019297340604,988.9009432951522
2.5549500705685304,2.1277685046031705,0.2755497564571564,83.88641904171556,15,1.2,0.7285746694343269,904.549215272171
1.7582226137253376,1.675704024904391,0.36374328194133393,82.45705951759516,25,0.8,0.9533044232808645,934.4957819923031
4.766328727048652,0.9947951256454572,0.38548083058257343,103.41963424011817,25,0.8,0.9490218931485563,893.1453496138088
2.7422388012229155,2.6305823080548634,0.561219803545004,103.96874742425616,25,1.2,0.9560313446669122,1531.4472857860574
3.8007785011018393,2.6061411631722584,0.751890798971312,97.98144084558002,15,1.2,0.9473051874434804,1159.6779796621747
4.3593683099552285,0.9010004561988978,0.6686793223005028,112.33974222948548,15,1.2,0.8848620710607605,719.3557558239221
1.1105820268128623,1.6111277415423233,0.3719274601874599,111.70430133777273,15,1.0,0.6585178801168441,1057.2181953132972
3.612653836897204,2.900564219145634,0.5009377505399306,89.0066983600666,20,1.2,0.9369739393161217,1304.5968370767102
1.3148179217373401,0.9787957974567142,0.5002449600684411,88.47523828309576,20,0.8,0.8298147203077336,680.0985452653969
1.5204800855772738,2.933413414946094,0.8653956199490731,102.21062703432975,20,0.8,0.9461162206303041,1464.1927933609702
2.6995902830888268,2.805170778165036,0.9153649277278866,89.39531125071133,15,0.8,0.9483366668244394,1075.3543355874965
2.8988527112607096,0.7752359991712844,0.4136273412848005,117.55843625508277,20,1.0,0.9192870897440872,785.5201002294591
2.606514390615291,1.2883951667182798,0.3265448206201985,91.74591047246926,25,1.2,0.9491238769497666,878.6801114941537
4.6756593901599315,1.0062338666809116,0.857837845906477,89.91463690657002,25,1.0,0.9534158131967001,730.4238701588188
4.926120850467449,2.3511637335665885,0.8717235386915381,81.20786509498811,15,0.8,0.9522181504065681,907.1032996357978
1.5005223032317967,2.3875727461583818,0.2854241314021778,81.12147657743975,15,1.2,0.6639633184964979,975.1694075804115
3.7354084291362835,1.6846833074473775,0.7821295006427109,96.88767522861056,15,1.2,0.9450601938893544,848.9062540281498
2.4020381111607163,2.5415797040260557,0.6549986807081065,87.47711659062053,15,0.8,0.8555157533975551,1016.6089688852658
1.6310618803013899,2.3345785404148884,0.7732371739310655,94.31208245297127,15,1.2,0.952785148883825,1037.628997996222
2.9107694917742446,2.8666360448487227,0.5628527853012595,110.23639572489422,20,1.0,0.9251501794427561,1572.93624200933
4.758019138378029,2.662637104002805,0.8146738076333111,81.14089195882467,15,1.2,0.9433827251639342,993.1005893269248
2.040617532890324,0.593849113652785,0.30737129556106874,96.93749399009283,15,1.0,0.7169116030872548,534.2636920073764
2.5127589761304137,0.5233731023030967,0.5318632876423544,91.2415293089333,20,1.0,0.9112692408170924,514.8611805305225
0.8490047492597996,2.162135643493131,0.31414061732354426,92.4557129132649,15,0.8,0.5917375581144171,1103.8608393708394
2.8761141467484173,1.954487688807205,0.8982452166857633,102.2131435393685,20,0.8,0.9571232800706948,1063.9196806748346
3.1236147641346816,1.3824039063433908,0.5130878725600447,82.76365608484285,25,1.0,0.9426834173886681,807.3073941073853
2.2267982356361458,2.2723229143511996,0.3333693108969841,89.82078143255515,20,1.0,0.8629193463199262,1121.0965720086651
2.950208517775634,1.7255331701142622,0.3961437673814686,97.20952638404648,20,0.8,0.9129706777183846,999.911477612276
4.413541550009895,1.3240902366829814,0.351927944283719,85.0291930232941,25,1.0,0.9515431010646141,850.0667049033663
3.3572011059263716,2.239779722755475,0.43365375131951156,96.59441234313077,15,1.2,0.8071591015540411,1062.8982768797766
2.5639794864020766,2.025407545069335,0.6045199813158861,108.60761373299215,20,1.0,0.91802727129837,1205.0137023199882
4.072935309038996,2.435100587823485,0.3317465520246836,87.94292642828253,15,0.8,0.803684091347613,1055.9942766639842
1.9494664752065256,2.030968586871751,0.6022982401730523,80.30088244203675,25,1.0,0.9433278329824099,991.748942607423
2.793391891006321,1.5322490130831516,0.8615274694534367,85.93555228071752,15,1.2,0.9435141736546564,693.2926947395323
2.9687315535797634,0.757733432644748,0.7009725114894227,86.28908662477289,20,1.0,0.9461068325224834,549.5456388918383
0.9519219517923452,0.7436703274738827,0.4066832574047693,95.23307068932189,15,1.2,0.6530774919088195,610.5377887651596
1.8875479332404959,0.9922068505808384,0.9387817585081535,96.16060717658591,20,1.0,0.9537930770626609,678.724791431059
4.094952347095616,2.837551209069778,0.3076424434945054,94.12929792784334,20,1.0,0.9471910921769892,1408.2219610661984
4.4670924571436466,2.1063886580175475,0.7658576088574303,89.56462741985482,15,1.2,0.9576747547087638,927.6748641019801
3.3786153318592724,2.4980619184302633,0.25191820271310716,108.50663384972361,20,0.8,0.9321498575782123,1467.3201987913137
0.9265817986096152,1.7409759741629143,0.9125245901518138,85.60786371453345,15,1.0,0.9454444527407622,807.9945552052225
1.8136482998576284,1.5293976645338865,0.738671094492753,84.83949664760635,15,0.8,0.9524198184617716,705.5540255746836
0.9018011909405678,1.6451719653775974,0.9012908014652179,106.17212278054978,25,1.0,0.9414397431884598,1187.889526936818
4.216286905755542,1.2236798990537192,0.43483272648560856,84.91207923224304,15,0.8,0.8299148589755624,653.6635057572174
1.6110182479104425,2.1967442817037015,0.381566645578147,103.1528162331941,15,1.0,0.7168074278133566,1148.1654465455374
4.12815496526,1.8411741127587513,0.20192435068866627,103.58359505716342,15,1.0,0.7635431298528539,1047.6910755756435
1.330901098777379,1.7373486186817906,0.3964959254897048,101.42600425183198,25,0.8,0.8928121734355445,1201.2265906931843
4.573815233431459,0.9076871848139083,0.8310503344766043,100.68472852128352,20,1.0,0.9447588336909293,707.4539879461943
2.257412454089348,1.2916286209061665,0.9140247184728654,115.38899751356459,20,1.0,0.9468470388723954,931.7569115203511
2.941853745090392,1.0784205433676284,0.9486894683356533,116.97516552574714,20,1.0,0.9486894683356533,850.8191992972409
4.47813629392967,1.093332791226072,0.5402703001650648,117.49503058348085,15,1.2,0.8507600052030854,845.9411480651464
3.2027043332808676,2.5022944520265056,0.7121787826436321,110.28008511645068,25,1.2,0.945458561391749,1540.8223115910555
1.925928684780601,2.881008508541559,0.5277550838569565,95.65177497594557,25,1.0,0.9527417051059942,1529.0151697843746
4.640847840260491,2.6488741889210248,0.2898479222108194,116.13353243330718,20,1.2,0.948850014542817,1682.087526592186
1.0316376541730323,1.3758592508331242,0.7665895858168881,117.58795395510259,25,1.2,0.954606014914655,1184.0954375867411
3.8058023025470566,1.4760449544701948,0.9417881202949017,82.45030764845261,20,1.0,0.9561876376289314,725.0685968630768
3.081045704482169,1.0873215688793774,0.766240329414501,80.9115626594716,15,1.2,0.9572710038219318,546.3747463746738
2.5462356532901254,0.9535011148857884,0.7889316853580381,93.18677933384035,15,0.8,0.9521900808413599,585.8965768032772
4.636975372461383,0.5021457702456562,0.6829878860634461,90.92611930866268,15,1.0,0.8974525905325217,463.01378454194673
2.3876700993808324,2.9939762468615356,0.2052491151208488,102.50156843042058,25,0.8,0.9411083671104004,1742.6846979596266
3.8765579377782906,1.812399494432811,0.5818537380540534,102.77613605581288,15,0.8,0.8560439770309467,972.6562299800496
2.552294430770905,2.1584192240025235,0.340831428655923,80.11631662546615,15,1.2,0.7567814672110518,864.9981923491257
1.3164655638792513,0.5297918193555446,0.6681958083230211,113.75410353465479,15,1.0,0.9444642541530041,594.6981380787987
2.6015682339721433,1.5690742546086995,0.21123852958758504,104.84160112983749,25,1.0,0.9426696909803602,1144.2094702815327
4.021854062212296,2.6254551182062684,0.3963172523111034,109.9016386680818,15,1.0,0.8126538793979605,1379.2504345452503
4.601499243676706,1.417624638947991,0.3442070732918152,116.29196429571971,20,0.8,0.941044712508889,1106.8008156294675
3.3351543106935937,1.6905625201779944,0.23035182506043236,119.53634541778456,25,1.0,0.9533765359280767,1370.5043875565684
4.084489217584699,2.5995657020138414,0.6366732194252762,119.41183558177363,25,1.0,0.9476713904999906,1763.914783944831
3.626489303503986,2.0824480040492506,0.8735531027132941,107.19551960916706,20,0.8,0.9576514793331375,1180.28542084748
3.36624185486712,2.5818144732659984,0.5167081851990556,88.25343979405127,15,0.8,0.8405063247332996,1062.010741298948
4.685889227206262,1.8210357271685482,0.34500612326427904,85.40638441870531,25,1.2,0.9471910586268527,1045.9630119637152
2.169227538756206,2.0804623864204173,0.2830764586801072,117.69756389860972,20,1.2,0.8597761348745757,1393.412523674697
2.758659281355621,2.876284712240638,0.6706242054715412,102.52874034411263,25,1.0,0.9581344083083738,1588.786634357041
2.063026966929915,0.9113772242323597,0.21718020152196077,107.89179168508504,20,1.0,0.8337180513441562,801.1757579051983
4.0278043424386585,2.351874743978496,0.4462709365342066,96.00485089788339,25,1.2,0.9568917443535154,1352.7296411477282
2.015541456735623,2.543264913649127,0.714439839570471,99.68177831493215,20,1.2,0.9413262455827803,1286.0792330778747
1.4029412610286403,1.2754773349046697,0.3166983084604311,84.65795503577533,20,1.0,0.7765921230326225,761.4675858236399
4.177817415439284,1.7168281669260148,0.8139589186245453,80.62115477525626,15,1.2,0.9575967522327923,719.5120598538665
2.2340435512729737,2.3732047309657167,0.6437530457407488,94.14189271219821,20,1.2,0.9159957526126736,1162.0794812673469
1.9087702323475482,1.6930447564783855,0.841127774299326,109.97446148740184,25,1.2,0.9441243018062395,1169.3517643821237
2.5921066991308437,2.3526067185623463,0.3362757638841857,102.31235967835713,25,1.2,0.9536594928681239,1433.796208109384
3.7152278361213114,0.6590362661017772,0.5774896648735806,84.11999764763993,15,1.2,0.862987786696279,468.1697497670627
2.8652145021950064,2.639556065553398,0.2545732866063093,86.69655230708368,20,1.2,0.9103851140252823,1212.3376991554212
2.73285890399302,2.053474725264303,0.573102931923672,108.19674340410398,15,0.8,0.8296253601312605,1094.9122358421246
1.356145497863181,2.8878166560299934,0.437146897258023,91.89321323679482,20,1.2,0.8064905270382658,1394.937124281906
4.503144248726062,2.8139748933073823,0.43188594880018943,94.57667535114832,20,1.0,0.9444301389331494,1399.5595506380128
4.645107650641444,1.684871626188172,0.369076988250439,118.52844628193034,15,1.2,0.8261920529814222,1125.36217554031
0.9940913566390464,1.8374398398292489,0.47019099982767093,101.38801614099924,25,1.2,0.8467573735679076,1275.075726922143
2.1834432910354944,1.5246509476682688,0.22189238934294261,119.07569420974848,15,1.0,0.6923184781472261,1047.7957064418388
3.9838764373881554,1.081830316843649,0.7767569733907793,102.45921126196878,25,1.2,0.9529153617855292,856.4732230375519
1.1650508534152615,2.393112607837856,0.7604476784242504,117.76967328180882,15,1.0,0.951598229917781,1366.9608351844545
4.5736447020110385,2.4326013983328663,0.8237669178252047,112.24809008023828,15,1.2,0.9409368963732565,1278.5302820637087
2.428501931869503,2.7522980943552664,0.6724112328363316,94.40065916330245,20,1.0,0.9208676291734609,1288.1316875658308
1.6589758819108564,2.4913494359099753,0.2709824134929487,119.58169402662017,15,0.8,0.6698953875883198,1471.142463180874
3.1981386505465412,1.6703744528584425,0.33129152572863607,96.39333184255376,20,0.8,0.920106239888547,982.2630452385915
4.8273340371948965,2.003872955103204,0.2212627561047902,83.13280357851917,15,0.8,0.7927517893021648,905.4036621213997
1.4595287031806388,2.5960346373238803,0.2067705226894925,80.12097831694983,20,1.0,0.7654760237149951,1150.650500519696
4.764784537895249,0.6316115503773602,0.6940586109545028,105.81075399841069,20,0.8,0.9502111378519421,651.9090879572723
4.039121271693193,2.7803661538757627,0.33798464806374684,109.67070415623049,20,1.2,0.9592327385851512,1607.5686276872148
3.2940654506154514,0.7075604004329562,0.6764211560656179,111.68444587040554,15,0.8,0.877674329218289,626.3321259019604
3.562791179113014,1.421191366435996,0.22999618014349968,119.70627177721497,25,1.0,0.9439404939603689,1240.076650668893
1.0281303974798766,2.9184126594672346,0.7635562685254811,91.9766491449541,25,1.0,0.9426596654318052,1528.8109145938113
2.7061975206255564,1.1248145916198684,0.8794623329846709,113.81597722476008,20,1.2,0.9415174734959519,853.7726554956683
3.894139450509434,0.993651252462155,0.30858408051675534,109.4390538759707,25,1.0,0.9540842231396778,930.7979502823803
2.3896952798630196,2.4554800250365107,0.7450340383301841,82.92465743824643,15,1.2,0.9428692278651462,928.8577790540858
0.9473502863213773,1.7704966072620043,0.2382342246283812,116.51176125220464,15,1.2,0.5598773624214562,1213.8870602047368
3.5110160932190126,1.861535261464855,0.573882520882139,81.77092814554723,20,0.8,0.940778912248048,868.9981848021654
3.2433330296314313,2.5048082335539736,0.2969104462529595,117.65573385896485,25,1.0,0.9485800958462026,1739.7493022704075
3.160961105312813,1.7167487041240146,0.32594328800385863,118.34218117138477,25,0.8,0.9431268274587515,1349.8588159089798
3.949269694487363,2.998773124793292,0.34145063380799867,108.90046029143079,15,1.2,0.8006657936504831,1515.527755295156
1.3150248576819914,2.2222890364972074,0.20719677925109772,112.71361423076641,25,0.8,0.8767126049852607,1612.5826750596452
2.412470826529203,2.3476383320148027,0.6666221492954627,92.25319428529987,25,1.2,0.946282302061561,1236.526617383716
3.375475909274682,2.9775209420156754,0.7620164492693042,86.01719726904078,15,1.2,0.9437683790640576,1111.9425755893449
2.9294268747542747,2.293409226107535,0.9245427407809721,100.39570457288474,15,1.0,0.9490638612755027,1044.863123127471
3.4365010496027537,1.234499927442902,0.31742770085820493,97.76754788238402,25,1.0,0.9411165049253488,922.0363837519199
4.007241888989544,1.538244764033419,0.36146604455043285,114.81726542786176,20,0.8,0.9539980475454498,1125.6392248220748
1.3625207559941375,0.7302894180460607,0.6131234288718381,84.92381357365589,25,1.2,0.9167683025335255,616.1254521365079
1.0461187217966181,2.365861754833465,0.47932290458835786,80.93975778480474,20,1.2,0.7859459780286102,1089.54397957947
4.3349433599678715,2.487383827007606,0.3386951661749455,107.97614143366832,20,0.8,0.9544984035237948,1471.7325093212705
1.624198807367769,2.2380391432614273,0.4403131383562914,87.10653173748281,25,1.2,0.9444935978043661,1190.2349397098967
4.090683108878062,1.096962032145254,0.2213181879736346,93.30298959931265,20,1.2,0.9531364375123084,771.216030194856
0.8236582791859182,2.5550122830555595,0.5997742523425551,106.10418624342277,15,0.8,0.7430035938137916,1376.593063533692
3.2537799017694704,2.423288897314115,0.24727837577819844,113.43134224500082,15,0.8,0.7525370740699068,1349.2387501527178
4.918355867226089,2.847265539020664,0.3629382033766234,93.018677700804,20,1.0,0.9513255545324681,1419.6251293418247
4.590072352457381,2.143920869496267,0.684826324099985,112.90564544307921,15,1.2,0.8911224190845333,1201.2754405954213
1.6967075562984313,0.8269174971484488,0.8165152453862576,109.02155284281166,20,0.8,0.9484091655744565,723.4399019372743
3.227153341475735,1.9648896778936116,0.49594404285839255,106.82537047356226,15,1.2,0.831887095687533,1064.8200390149327
2.9596611292994934,2.5419865157151613,0.7416626959466786,117.55436625342325,25,1.2,0.94966196783206,1650.11537964837
0.9171148473470765,1.4191533502807872,0.5746789847667969,93.58936792639452,20,1.0,0.8015664389571234,908.7030181645648
4.712040486909924,1.3416119196543321,0.40615436363436364,89.57707308855589,25,1.2,0.9475525343616953,904.0730589576705
1.0378506019338452,2.548318399678829,0.2446060930939613,100.60581236200798,15,0.8,0.5870951557845229,1326.2982120468755
1.9914646867348462,1.0454918055800626,0.7576036212089734,95.78967158445363,25,1.2,0.9588152009119646,780.6659632962476
4.00551133052799,2.6347226120242393,0.6018388872294136,114.94103290989928,15,1.2,0.8615215373131364,1406.5077190300788
4.070945698122343,2.407650930840483,0.42605963735400065,88.99914483405864,25,0.8,0.9435900222744409,1279.7207300793725
1.1559354099919794,1.7350721186254998,0.7566652391805877,115.86159000129553,25,0.8,0.9428251695344835,1326.800932198801
1.8694687161175414,0.7654316153244494,0.763646130099839,107.25275703405654,15,1.0,0.9475327882672848,619.1239292039742
1.7346527532039473,2.7733460922150686,0.2701919066812974,99.61543748895512,25,0.8,0.9570065068013888,1613.236510310627
4.536645409920124,0.6859088497065747,0.7966237272293577,96.63931395441716,15,0.8,0.9502192741708273,542.0597886808076
3.5468610206175235,1.0847686277317288,0.5885639139759954,115.70144774616855,15,1.0,0.8599506847577837,805.1856294721017
4.709761747648099,1.8124321073943113,0.6879441199231564,102.21971752118897,25,1.2,0.9485092904824222,1193.0399181083758
3.5319687329520404,1.4875866939871567,0.23059356218689261,105.88666863625065,25,1.2,0.9463608212205707,1126.2393519230136
1.4916517211878944,1.165237944716202,0.3022395641822968,100.87231614279865,20,1.2,0.7842855242853111,859.779868115663
1.71284860180472,2.3819718097674762,0.5226866725055601,106.24167162760071,15,1.2,0.7839957693063434,1221.696391815378
1.3259162736461,1.7755579160962882,0.8078057179438352,84.53528472614093,20,1.0,0.9495629682061496,873.2969724921962
1.6275089232630107,1.3497076675020543,0.6638627760254072,100.31250657568643,20,1.2,0.9580640010963151,877.332797267077
4.369436807293156,2.9675703663834128,0.390376936521009,107.02139639962864,20,0.8,0.9569972857805459,1650.015558420396
3.745236937765058,1.321643083497153,0.23643769086706248,104.15791145703201,20,1.2,0.9520431613088567,943.3861749860374
2.6966870842756046,2.429418422397795,0.3567813329034991,105.87321308842675,15,0.8,0.7708257826021492,1238.303659091487
1.1976978436379933,1.7878971834033424,0.8086909211053159,80.37745954558154,15,0.8,0.942377299060389,759.0164259079074
1.391588607092566,2.47952991879807,0.5351253128622389,87.58554805887526,25,1.2,0.9189710091600344,1288.5179501059486
0.8470561803889228,0.8948146150946208,0.9044330490080621,82.52441047368515,15,1.2,0.9562524622224309,545.2190901510754
3.070703852430091,0.8279428896458447,0.6678574687880413,95.35609713417566,15,1.0,0.8780725522119528,571.506975607374
2.375952409293887,0.6340580987171419,0.9426126024894583,105.87763049440048,25,1.2,0.9514902767925024,666.8798912522856
2.1260808250996783,2.187266118457831,0.28697453141945417,103.85268343993155,25,1.0,0.9507004716776979,1399.8595712199053
1.88244081192851,1.516357305643671,0.664627750418932,94.92158625610303,25,1.2,0.954884473224786,967.1881309623064
4.232301171386667,2.63034014814042,0.3683755420025978,90.10343225881365,20,0.8,0.9442442844262454,1269.840197886699
1.8387160880534332,0.6132521107397135,0.5147539838269815,102.75788189026896,25,1.2,0.9449432376004706,686.0527785960179
2.7145356351110665,1.5086382019920872,0.5370401383631063,93.7815015909376,20,0.8,0.9174926142758223,870.5133439477721
2.2548178146661737,0.9373249338588678,0.6001846034119058,103.3096007436769,20,0.8,0.9118608044177869,736.504817509055
3.656108391405529,2.1084193565611464,0.8831997023998062,102.86685438305204,20,1.2,0.940768761258347,1141.3201218839192
4.654689313623921,1.4086755007260905,0.3764369350379344,112.35543990481935,15,1.0,0.8225390556632978,956.3768445890354
2.7817482720996045,0.5766279579334592,0.6168595360266356,98.24416478212214,15,1.0,0.8424674589010607,510.3786160493025
4.153018793907886,2.900056694477718,0.3194508757792085,115.49541772038987,25,0.8,0.9520424333123638,1931.6313136377212
2.6774100591635737,2.0227963216669074,0.6291069378410236,117.13337257073113,15,1.2,0.8483021268054733,1164.5300337438955
1.271635195327665,2.819949938913079,0.8583266578982194,111.741648973559,15,1.0,0.9546503581878497,1426.2338947645137
2.4407946217261633,1.6118559100337824,0.41640377670939577,108.70334647588322,15,1.0,0.771443436613943,961.5979089102057
2.973266919083869,1.2379869479479249,0.4019719564122717,89.35176378895228,20,1.0,0.9212702947046779,754.2360927511608
0.9422392249169191,1.9842087843136518,0.8102072708037806,107.84194639094144,15,1.0,0.9435559971147158,1121.8061974883885
1.704665538886465,1.1962066344110598,0.4823274318869857,112.13314976081837,25,1.2,0.9381417885517997,1029.33729207399
3.1843297909974657,0.5075608063332575,0.8855198137661555,92.29466009065435,15,1.2,0.9407379057185491,443.2472132330334
1.2764905353205154,0.7323037429637909,0.46120426709680495,83.2049018808529,20,1.2,0.8132727129286302,564.6364924232165
4.142395916768534,1.0388213640993689,0.582955576316795,88.50402153510444,15,1.2,0.8673113687915316,611.2168362091533
3.709441613962893,2.665291248485955,0.77798846970549,92.48156494069238,20,1.0,0.9540166261890045,1229.1991007814602
3.820393211719944,1.2623251654398366,0.28565245408654505,119.17417412929737,25,1.2,0.943268755135174,1151.6183966900626
1.3131705101891447,0.6237838780881964,0.8876150702359238,91.11644248845349,20,0.8,0.9425011500129317,545.1307039348264
4.761259487509406,2.918130618151414,0.914220683743848,89.58975328743976,25,1.0,0.9512795238890898,1413.9465499955586
3.6502143326364607,1.9709799576673643,0.7226743151764168,95.95535749364491,25,0.8,0.9506527960927867,1144.4259502251105
1.4751109037210175,1.4040599603418211,0.3019742121319531,88.05930651306053,15,0.8,0.67181930719052,750.8469215930438
2.641208827384436,2.171539990949959,0.6213086471696683,83.62973291939605,20,1.2,0.9305680480053959,970.3222916634862
3.743335827955219,1.0939415508186616,0.8811026023287414,94.12163971717197,25,0.8,0.9592096670384161,775.5002438803959
2.366663121448673,1.8059966173012627,0.8798961876617513,84.50333391307021,25,1.0,0.9460731329510516,922.1926365521132
0.9139271041951669,1.999563009892553,0.7105752559102403,94.01921837052117,15,0.8,0.9447278210054381,1000.5016071406645
2.9396906384827135,1.3687856662262914,0.6047740728613535,107.12111509859281,25,0.8,0.9417963598382832,1024.4209620655736
1.627148361834486,1.3260276969061224,0.8112050840131446,107.97687260972711,25,0.8,0.9552620392808419,1007.6984738075936
4.032093128270783,1.3546097260830277,0.4910827222692116,111.55965966846514,20,0.8,0.9503158945000869,997.9920684874472
3.1272180491640036,2.0706011509339577,0.8720353563890719,94.27850828541925,20,1.0,0.9502047537663547,1025.9074313474096
2.9854604056195164,1.8259506680592157,0.938876689625725,105.43518187561381,20,1.0,0.9560520835693448,1044.5118245320054
1.639833272669088,2.205529679830036,0.3283019051507097,105.24741061434295,25,1.2,0.9404114416019596,1443.5971700903879
4.440072712669703,2.8324537490124038,0.6834651040649169,118.6810817291437,25,1.0,0.9552790089538166,1873.1939540284418
3.704354135481455,0.8058818814699688,0.33573476509959355,105.74288749360673,25,1.0,0.9536842103856034,808.2698155870789
2.859978993230544,0.6144110696304332,0.23746612371489137,87.90412608354916,20,0.8,0.8980085661175202,546.4404002315083
2.366741990751549,0.9134897355923861,0.645272134650132,93.70986069923327,25,0.8,0.9430883907330571,720.3640130530176
3.9154011112525353,2.965276117174306,0.259395563644311,110.8342468917212,15,1.2,0.7830456019128326,1544.6243367094683
4.709104682205769,1.0755447444318715,0.7224925590609754,109.07151537060491,15,1.0,0.9567684157843298,765.0074745588029
1.3947964172077647,2.3313741436591027,0.8997948769704327,117.57963993046141,25,0.8,0.9559142551711252,1574.8505590297013
1.3111274073588386,0.8461020183769153,0.36392273739187786,85.33902713925073,15,1.0,0.6755109139601546,560.9823293829241
2.1114905593889777,2.411959852218982,0.802166048253721,105.6327342447552,20,0.8,0.9449487502069824,1293.5171399643098
0.9361847037790472,1.7204483579500292,0.21870067675163601,88.8266000501764,25,0.8,0.7817141693814943,1115.1194307943372
2.9894589127561035,1.8604893244825036,0.3734132963759208,103.09260571231286,20,1.0,0.9221201706000642,1116.6116686686796
4.398163936315353,1.4163657771190827,0.8109185441056008,94.30234491302473,20,1.2,0.9440859496429986,837.2412698668852
4.348875514897401,2.1812167133010725,0.30906724891034404,94.77605018602681,15,1.0,0.808166733181034,1065.0881020175184
4.4480769711024735,2.0950201379003963,0.4050131987867188,111.30654567167494,25,1.2,0.9546070832861346,1473.1020190392853
4.5202524793455545,2.200645324826839,0.5066745855680175,103.55427750077402,20,0.8,0.9424378246277351,1273.9302331932677
3.9948733148806834,1.8136530134388924,0.929133327587806,104.1561738408677,15,1.0,0.9513827264334623,942.7214549777602
2.757976926384149,1.7243515284667454,0.6056211676686469,96.1247033245551,15,0.8,0.849370049051345,864.1442444038382
2.7994954402746535,1.2819340527321474,0.2916419113755516,86.32031704788133,20,1.0,0.9026752203429289,752.9687318986677
2.167334147039084,1.9806354851409793,0.7156581268505227,87.41159563027463,25,0.8,0.946632356230094,1039.7498504278476
3.3815512017550713,1.8252115840989052,0.8908627551613919,96.76885882213722,15,0.8,0.9439665510935801,872.798429674342
2.4022286321844293,0.8608158283476306,0.6286998940840216,101.33978158954912,20,0.8,0.9173906485674079,690.0089880296298
1.6127864194362402,2.4434415512417336,0.6551182887515445,85.39980503429659,20,1.0,0.9406328295750815,1096.732177040688
2.8732678289402385,2.349540368776861,0.7182770802401401,107.20368124997896,20,0.8,0.9459084454430896,1297.1085686710028
2.442114402358699,2.242749862335643,0.8029963478281721,109.64387012898392,25,1.2,0.9418213609628482,1396.7587407377
2.9291947649288437,0.5244975523430138,0.8792550481593111,83.49780002704769,15,1.2,0.9532072725632971,404.82800318561
1.9519556480294553,1.6746297544830773,0.4052488073827123,105.95628228066325,20,1.0,0.8556702892258494,1077.6591165491545
0.8321968964105133,2.8258337757119834,0.891539485580944,100.97696113982119,15,0.8,0.943173056047099,1352.5054244442117
4.115889762566174,0.8383176648454506,0.3330394899138979,116.61381733102559,25,0.8,0.945895238363441,916.7677427865134
1.9065471321993221,1.4806833459435618,0.35723212382801484,118.85454746844636,15,1.2,0.7259580599018638,1016.9151028869742
1.51857511318337,1.2546454693162623,0.38679646655921784,83.752415512182,25,1.0,0.9161058729408152,807.3264269469828
1.294839395192218,2.6360076574723537,0.37410501447472627,118.11528665912566,25,1.0,0.8863300064942158,1869.1022742377659
3.1534285394410615,2.6485672491747456,0.5983190783413437,114.28377604104908,20,1.2,0.9280229208246608,1534.8959113175101
2.5475989559451606,2.5975482882824696,0.7037984199459597,114.6655976028747,25,0.8,0.9444141386195379,1641.8660858804722
3.1504672116516126,2.6916116686061415,0.25799111643235345,89.76578519071047,20,0.8,0.9247037163147518,1275.8704037781342
3.1411771308206706,2.7728570151692846,0.6506892659329873,81.25393440897453,20,0.8,0.9399077742693115,1120.3121701357134
2.93294313083525,0.69745564961903,0.3007281213247712,98.0640483318027,20,1.0,0.9134838651361168,636.0192632813732
3.3565291700959907,1.541154742839897,0.6194485566191761,115.92479932100696,15,0.8,0.8612084690982202,975.9545353298697
4.669010568656815,0.9007831326881985,0.2190569880962394,116.12698272817576,25,1.0,0.9485972582805007,973.5110960149206
2.251890638183695,2.8692205723701756,0.7914488183319537,104.79841819658427,15,0.8,0.9518166037470337,1308.2773654383236
4.569834060752157,0.5779490911021787,0.5947497327335567,99.33007566760823,15,1.0,0.8674811919057336,536.6301536052086
1.336906039891613,1.0805168397556262,0.25180480349893253,103.47994888988485,20,1.0,0.7549804009413814,862.5016876948658
3.5027509077299657,2.8292408689267385,0.5773411841234801,112.14464241087688,20,1.0,0.9376120588135208,1593.8332013041615
3.2583359548158777,2.4140590757942504,0.5496263215218105,117.38010665973587,15,0.8,0.8321336415792422,1338.2267071810747
4.455732415312505,0.6999996568965998,0.8444199653103741,117.28051434605314,25,1.2,0.9570812532006912,803.4144326926809
2.1479022071587535,0.9955371264221289,0.7597400279951869,95.40356625586601,20,0.8,0.9581876642523085,686.7728498890253
4.983798237045671,1.7824585256884848,0.792352425341684,90.88540953726864,20,0.8,0.9521925621491045,948.8137199142204
4.045403657485101,2.3310026946084985,0.5785911446217864,98.76074415737745,25,1.0,0.9492302858635526,1359.2853067943024
2.050430233217688,2.6558891121205814,0.6935781729015614,96.97829997994418,25,0.8,0.946353853788147,1422.841172926902
0.9554862443534674,0.6927888639430089,0.5969467471498597,119.80093050846538,15,1.0,0.765798174933739,726.607586123995
3.91768300465702,1.4677266963272562,0.7468148578175424,86.49332300838918,15,1.0,0.9470827883691902,702.9640018650149
4.780701046823341,0.5068882729422765,0.7154902049251766,100.81287468611421,20,1.2,0.9489496694778902,572.2457878026057
1.6379461064398368,1.195539047003935,0.32682678822181616,84.8640158584585,25,1.2,0.9444618439146905,797.489886078606
4.890565088018222,1.3920081499941457,0.8066689170462977,107.26702594424208,15,1.2,0.9436068028263225,862.0467511601465
2.655255359274132,0.7270733235864769,0.35533924939952277,103.3977399520221,25,1.0,0.958430765983247,744.515247929618
1.9107603855542152,2.7445001722961058,0.4583060048239754,105.38396200175094,25,1.0,0.9556518824559531,1641.247078102921
4.5550614358840145,0.5350058136479616,0.5669747937223872,95.82960161256594,20,1.2,0.9480314353055419,561.4341021370896
1.294664513825805,2.297882553263208,0.2663440246142398,98.44041084230722,25,1.2,0.8773538914140716,1432.8844120700926
2.117011199847963,1.831883051569931,0.4186922667489922,111.78029669731943,15,1.2,0.7609889117789654,1076.819176519463
1.612758924286252,2.0835308846167413,0.2531344869875416,80.28358099158457,25,1.0,0.9287149069085128,1071.1753332030178
2.097636039950038,2.861150759490764,0.9255800597846973,102.10438709730327,15,1.2,0.941125866325994,1251.9780681821478
1.0351013075097388,2.1391071995838375,0.2348697068221393,114.1224062174224,25,0.8,0.8019221615639958,1629.3266234066232
1.7100958433467213,1.497267149541299,0.48287524741116244,114.4496335783819,25,1.0,0.9563228418222083,1194.233185509273
3.922073587049497,2.465554429531985,0.32260283013166857,85.17796796206252,15,1.0,0.7958375169075479,1029.1652567270453
4.949597017856719,1.8404388156012683,0.7433838227213458,109.62311297628044,15,1.0,0.9449937132778432,1057.3930372513332
1.4968257675039134,0.6014855035355224,0.6794805399140067,116.87111374841265,15,1.2,0.9482210726925363,630.4012003449479
4.712366578764766,1.8504317060501982,0.4445044004448918,86.94542530312421,15,1.2,0.8333292637952411,869.570107759927
3.474054525302569,0.6225465410682586,0.6926151687043649,90.35390392166323,20,1.0,0.9484641979451099,535.389406086464
2.090283170489057,1.6297535010752187,0.7378374645448986,108.33867783224095,25,1.0,0.9434950055668728,1135.3568793624204
2.95664192810223,2.9592177087071208,0.8875546216700441,100.51132897585113,20,0.8,0.9494028499574174,1404.8566307382055
4.858467364259447,1.8007068257874912,0.28444120257515115,89.61679427570768,20,0.8,0.9504410835188731,1003.9204630628354
2.0680515035819367,0.6155173244555217,0.47967991583108144,97.0810212148888,25,0.8,0.9408694989528813,647.5569468685323
2.9492281485104597,1.2737083379038894,0.58379432748497,82.21357836653924,20,1.0,0.9378825088406821,688.0566881363741
2.338769542209138,2.7012403569996257,0.6544139064523382,81.56727396250227,15,1.0,0.856636997803254,991.4025850329251
4.385328295574325,2.583348345032086,0.7576794468458177,104.86213095557537,25,1.0,0.9414716991266958,1529.3535027348412
1.2787224791618748,2.9396220122004495,0.2811886088415644,114.56819244904787,25,1.2,0.8630068725988306,1991.0066077114207
2.9362745834209854,1.6720891745900701,0.27249347175835426,94.87498325517717,15,0.8,0.7501812715628307,874.998428514808
4.012568958148349,0.8101708090167604,0.8402672667893756,102.90009387612692,20,0.8,0.9499903799264047,674.4338748609496
2.2209608438665858,2.2686492151638795,0.7119958103711603,84.85094380451267,20,1.0,0.9495182058809261,1005.7300150097784
1.5090601933253796,1.9800257603285691,0.40350332206015416,93.31645285461133,20,1.2,0.8178679715513856,1079.0969123077327
3.849511415041161,2.8611801442838716,0.4779672344884526,119.03557036847266,20,0.8,0.9432558789912484,1741.4311812707263
4.363727414819656,1.9587692684569962,0.8265047696371799,81.10342048489395,20,1.0,0.9421252593525485,878.8991948435379
4.246812119844408,2.884476276997166,0.7735402545526879,90.52919356808293,20,1.2,0.9511650664655611,1293.1979654114668
3.9914930348527884,2.386271383696898,0.3844220930498369,96.66793648452139,15,1.2,0.8076915022436467,1134.0318944500796
1.243390551873208,2.2164091810397144,0.2931750232913328,113.17373599678766,15,1.2,0.6356970368531927,1315.8003594227323
3.275789191734754,1.9814998585659551,0.4925884312535271,108.44957135623187,20,0.8,0.9350431863296753,1209.221202564458
2.834463341060254,0.5851085154457862,0.42023454977514474,87.05219897651392,25,1.2,0.9535524071426605,570.622057227867
4.570968549939534,0.5012595507447632,0.4361063513233303,97.91463569644192,25,1.2,0.9510656103581234,628.3123752616281
2.9920856071140127,2.628110172303971,0.3879993478700803,115.35944177619609,25,0.8,0.9533968320123424,1739.9586979932662
2.1465936461984807,2.1268398593285385,0.34576872313935486,80.13463951425791,25,0.8,0.9458573966385705,1051.1537104208978
4.545571179246513,0.8170958988014916,0.9006294474441432,106.98830413047052,20,1.0,0.944372024411612,708.4875101915782
2.952370000852129,1.9598854722329848,0.603264172299826,93.52930720593054,25,0.8,0.9571459383882213,1117.9693177066615
0.8833423355885712,0.7135024123709697,0.26229821649105745,102.91648659951105,15,0.8,0.5705061783015904,666.9612960922927
3.5628360641579357,1.9429151470590709,0.263247081975531,117.66085901576167,25,0.8,0.956464399894894,1475.1974025530726
3.717913787124483,2.4751197626970707,0.3094968021791896,107.99833315568397,15,1.0,0.7791970339369858,1304.5609046947723
3.6030318851388605,1.0977912199928037,0.4366552848577524,110.02315375149024,25,0.8,0.9459792838033487,962.0282023990857
1.3489137297148854,2.0759206112807176,0.5887895220230095,108.27719631751499,15,1.0,0.7894221469073719,1147.5369678626575
4.3598696810628566,2.9883151745936853,0.8836440309021405,107.32933288581003,20,1.0,0.950444941020633,1555.160430494299
4.433073970397708,2.872333548037931,0.5575400631248926,93.33601851310014,25,1.0,0.959163980379666,1513.7974624415863
3.4015088054534885,2.527953658095633,0.6906706040559683,93.81529698625089,15,0.8,0.8738865187257392,1086.7490082134618
0.9183208009945432,1.2609197195114947,0.4923150956852228,93.13883107497158,15,1.0,0.6954809185521343,768.9700106017909
4.149160931873513,0.9608718210644971,0.8139390927798891,98.4616489238057,15,0.8,0.9479941696432804,633.7358532892125
1.0216166144299237,2.3109207383859114,0.8130794530433196,99.903655946096,15,1.2,0.9575369844585617,1141.0419041182138
4.408902564452478,1.714618432254328,0.8969826872639297,116.50705627902008,15,0.8,0.9443213403580945,1033.6528803518634
3.1700165866250654,1.9211755063648437,0.2766367284508856,108.26307362589357,20,1.2,0.9220609001994117,1214.995959846197
2.2894256403688127,2.5356591634345045,0.3039868434057272,84.94454017017922,25,0.8,0.9570322941876317,1263.737275589003
2.2284518750051268,1.591308834743891,0.7860688938629234,116.87592501573765,25,1.0,0.9405521380138689,1195.6458111816735
1.2385113546479745,1.4888671356882925,0.5798779930729754,107.05474435240896,25,1.2,0.8984563469507995,1133.85378355483
2.1946926390726427,1.0263978147071116,0.4975603377690002,93.92081607796595,15,1.2,0.791329626918618,639.7024702832624
3.341648277811248,1.0815833669856765,0.6364403285730138,100.90760687164847,20,1.2,0.933543626866115,771.2466303230909
1.0721923944241785,1.7400291233762588,0.6017842358572691,99.4719006562529,20,0.8,0.8311213270640845,1069.1003635709092
4.215098579129092,1.4143349332008988,0.5723343243810703,112.75158139897273,25,0.8,0.941351978884752,1130.843323487544
3.6696367754298906,2.0824614444543537,0.6459279091167913,98.683261480861,25,0.8,0.954939970485706,1234.5045237612574
1.7894300466314943,1.5742871561342973,0.4440652256308826,89.85960920892575,15,1.0,0.7447995229407474,792.185062811782
2.8030455370814096,1.2629134520310217,0.39638724352697596,84.70465333510862,15,0.8,0.7861456621170646,650.4925601252896
1.5490421159710226,2.4824652999897747,0.36363857706382374,116.05672942604511,15,1.0,0.6962788720760092,1415.4836496376665
1.0441102954114523,2.5266501591099892,0.26839069889017214,80.5134890983038,25,1.2,0.8080326868594224,1284.4723218897311
3.0155045582636077,0.7081445925753223,0.7142728265267271,110.77988025886175,20,0.8,0.9586938161715208,684.6396681000067
1.894344588249654,2.415788252201134,0.9237548945639091,100.96899180346128,15,0.8,0.9501969131995629,1101.8087760126668
1.7561853141914283,1.4520144944585682,0.7216720578683724,98.33092297675559,20,1.0,0.9465104399164528,884.9542221629486
2.4436649939373654,0.9072467170325161,0.7344909815012741,81.84834726939484,20,1.2,0.9448847889321534,562.8034923636618
2.9401617020004247,1.987916456022368,0.4784853571586693,84.97180127068472,20,1.0,0.9161960815768864,947.7276386701888
3.1047446728714485,2.8732405973671837,0.31835261592764474,96.10086059368847,25,0.8,0.9594737959572933,1563.3080088196343
2.9863463910355463,2.5968987789214353,0.6324394098212006,104.77119503771124,20,1.2,0.9355163470488136,1378.4356690805776
3.9992133798976193,2.108785483785743,0.3596720283372437,86.5600232337445,20,1.2,0.9503091529628149,1039.3944071604826
4.717235606144731,1.4075026705896618,0.543805219088072,116.57120129056298,25,1.2,0.9452877542558286,1187.8907879838266
2.5825526492982753,1.879922075294138,0.3176704191108475,80.18624565877165,20,0.8,0.8965456963444367,879.6889000774704
3.130090662139187,1.3367412893562807,0.2836199879205733,100.28497360701584,25,0.8,0.9470565890974301,988.9488205185983
1.7512222617604527,2.514910594166121,0.7420187429482772,116.70853339875629,20,1.0,0.9587035674064002,1501.7630368657024
1.7373622394879553,0.5534216739070072,0.3539942481750479,112.23885277141412,25,1.0,0.9463533094928916,740.1013767981129
2.5644223288287096,1.8822072835890915,0.922692634420893,118.2722600460571,15,0.8,0.9444826580222974,1076.7117645675069
3.8134475024600203,2.3987925564657453,0.76348853674825,86.93780672850369,15,0.8,0.9436569784435465,968.5343246434593
3.7975814424869805,2.37162042868042,0.5917427575888812,87.16213150575219,25,0.8,0.9496418080624371,1204.8338492489404
1.3107946715227718,1.2918790616691238,0.9359661672283479,83.53791805038063,20,1.2,0.9453779488167788,700.7658423375068
1.2357813964879831,0.9252471326120083,0.6131436083423234,99.22361593053505,20,1.2,0.8497141033586765,735.8920106799034
4.315030509110475,1.1011731416125445,0.38066595973166406,103.89097075376534,15,0.8,0.8129915723754775,763.2221894403913
3.367808872823942,2.3995832537591726,0.6139951600317484,101.65619992980436,20,1.2,0.950603149922475,1273.3248075868278
3.1595874236494828,1.8727503338042635,0.8561590743576422,98.26173479905741,20,1.2,0.9416187506313585,1002.9709993468973
2.739910127905893,0.5039649630101233,0.5507924758680951,115.85378956581422,20,0.8,0.9153763057351253,643.5533747412729
1.0353664508769702,1.534147767171012,0.7660131370059537,99.91620530245177,15,0.8,0.9417203128838771,877.7365337268686
2.854838557726289,1.2179093030500792,0.5598442304162401,82.53033506909946,20,1.0,0.9308582439613219,675.5285876484954
4.043406820146793,2.2958808567977265,0.8007050761129615,98.63182158029258,15,0.8,0.9499128858690722,1066.0336890757453
0.8320886652437284,1.546355999941696,0.7216864973925101,80.38170540150489,20,1.0,0.9451186915048116,815.2425944854432
3.6151575434199827,2.9918028549686255,0.28196820553500584,106.7490291022591,15,1.2,0.7806780154974682,1483.2808186587736
3.345760693918277,1.2958202367079674,0.4256119983012723,110.86027591097128,15,1.2,0.8094024181690274,865.2068520792405
2.977364191839002,0.6606366786276872,0.37952145180570235,99.451360078096,20,0.8,0.9261396311362535,624.7810496725461
2.071664719306318,1.219193484256475,0.8011079069133888,87.7016460982009,20,1.2,0.9411686254870594,699.2521396897425
3.2265259670481115,2.075587073567199,0.8454377224318006,116.24902616164476,25,0.8,0.9411039210290918,1400.69663352092
4.985547331892993,1.2221448963550656,0.5218101627479035,116.50326142271308,15,1.0,0.8673268621279207,907.0667610563336
3.2532583289373225,2.0173239134325063,0.5537116642904567,106.1180743917192,25,1.0,0.954650135139428,1306.0388797926512
1.3702844711047968,1.697608120391421,0.8535848147621892,111.0361936554059,20,1.2,0.954745023143173,1103.93350720463
2.239104073495568,2.022540735466219,0.601680011159162,115.2606703858696,20,1.0,0.9069332401408721,1282.0497728711937
2.7574197990617555,2.513710005136018,0.5919442198739409,82.78491927001384,15,1.0,0.8411117415769871,961.6281785444434
2.139123773731473,2.9939170114710936,0.612935634827974,118.77998922538634,25,0.8,0.9563551735898772,1920.9640843426098
1.9067927983295094,1.010317413965379,0.5269957640784628,102.28702836854787,25,1.0,0.9487616420004823,847.5668471254394
3.1650302704704183,2.4020485912721865,0.6427278420654952,106.0000150734028,15,0.8,0.858113401557517,1187.706694486898
1.6909626365165704,2.264292934528188,0.48845513628764486,95.86802399322684,25,0.8,0.9503292158478022,1307.792205432976
1.2203636283985195,1.6161885331950516,0.7961239785322345,114.66645116893974,25,1.2,0.949772356569666,1241.4523100083925
4.117965214793912,1.4420594000665108,0.4345421908529655,84.38033291907483,25,1.0,0.957619209390033,869.6051714731739
2.2877719483320726,2.0147049199942115,0.38611493898752414,80.34097120786913,20,0.8,0.8767510008928947,916.6227154142197
4.809602348857507,2.4023342631932083,0.7593410762943207,90.91451578438594,25,0.8,0.9473495399403781,1275.1733422395687
1.9776560874777354,2.181184962075479,0.7097035772869265,88.47803771061143,15,1.0,0.9461667746358092,923.9694998908928
1.3817101815375368,2.527444509075912,0.3980134469082639,91.50697608132793,25,1.2,0.9084145582859299,1390.8278940531234
1.1378617618841813,1.4432626038259084,0.4464725940259754,88.52484817012376,25,1.0,0.8657995348404736,946.1145638815088
3.272130626167942,1.0151328036913194,0.33860589606625596,110.51589925277028,25,1.0,0.9442849841390241,934.8860878768793
2.270640057768893,2.646929832415518,0.6580402512068577,83.68312936818815,20,0.8,0.9152499517670839,1114.0019068821582
4.929533929488214,0.682780928191546,0.7734227095566029,96.30690006168962,15,0.8,0.954326968059418,547.7027328378357
1.2284308563658406,2.3324926853115953,0.780685322049492,111.94901471655338,15,0.8,0.9437108339781657,1264.9444697467318
2.6381276991114824,0.7638433773463247,0.620390333965777,113.23982140314119,15,1.2,0.8407218828640931,657.7218783347606
4.752695038734431,0.8192396441892962,0.8570454661653459,110.07561483899472,15,1.2,0.9586736214696059,665.1174705578916
4.544021728307153,2.2391490935216143,0.3483154327899833,116.82983261634153,25,1.0,0.9477786034941265,1634.9791308485296
3.9624006487341257,1.936310445605846,0.3917379303095671,96.2374332737646,25,1.2,0.9556086599712159,1194.4935251648506
0.9138531292558361,2.7917526083830593,0.6962957261548184,116.1762362904825,25,1.2,0.9563186009080393,1913.8372054056001
3.5580751767969563,0.9038257113503763,0.3224817565239003,108.26658972821907,20,1.2,0.943389034795044,792.1204280716381
4.67984840452322,2.814813268762532,0.43889796686100635,108.81562553297509,25,1.0,0.9415985397783443,1779.6718516402702
4.138032668494727,2.6399954793082636,0.9040672183811009,115.28505785172311,15,0.8,0.9504953524393202,1359.7368662782246
2.763641274356858,1.2044127865347452,0.7796315583810836,91.17348205933874,20,0.8,0.9438179480011765,719.5665599559057
4.812317542223114,2.9450909973848365,0.5315538786939573,105.9672346737684,20,0.8,0.9431286728915388,1616.1627814383437
1.5080788932107931,0.5445357072191499,0.5667074859976717,88.05222493551082,20,1.2,0.854963765941678,516.4340971836579
3.508698179454383,0.5267408543767567,0.5402045563342295,112.22883522651915,20,0.8,0.9481259954729158,639.2002336948755
4.78883148056915,1.9311948151727156,0.49045153120693513,95.04988918066564,20,1.2,0.9426896052081946,1082.2023811081265
2.2333551104912344,2.6219912977997755,0.22466915405072288,96.91681696121724,25,0.8,0.9485255259416787,1493.5400487294128
1.113214961228397,2.3011899713468082,0.38766637711114427,93.87770810063114,20,1.2,0.7634931741759098,1245.197231325339
3.1257894109015796,2.4608297341173397,0.43800306745655093,80.7187229090722,20,1.2,0.9199123624832966,1050.244360455985
2.075654850623714,0.9908956896364001,0.54649080120612,97.18790559950388,15,0.8,0.8109650282342343,647.720856395795
3.4379507748219,1.705180694541722,0.5429982099769975,84.8486713522033,20,0.8,0.9355996173705983,854.8506183565743
4.375626171160605,0.796272254140908,0.8914492811934636,88.03969912540708,20,1.0,0.95069917230236,574.168343352518
0.994400433930656,2.8662670442619502,0.2565523535047738,110.86768291193722,25,0.8,0.8042805278287151,1953.6791007503402
2.6769115263538197,1.120209538333024,0.8327771810731841,119.31669002021421,20,1.0,0.945861779246368,898.9373157501763
4.062387363573122,0.8578571904492789,0.567785987077295,83.71708975675125,20,1.2,0.9506806039196651,585.3393244888492
2.6847558472634017,1.5513795936729036,0.782103896539242,118.26181430739689,25,0.8,0.9522278547278011,1187.74204857555
4.10931003227188,0.7961395983393924,0.8778716773822934,107.18206481866679,15,1.0,0.9473246149823606,625.6214844758794
2.541431194804261,2.1380227127015017,0.689000757421413,83.1278627363471,15,0.8,0.9415857320142605,851.2195325922332
1.7506818677659157,1.188676559720113,0.3306147873672063,94.58799470487372,20,1.2,0.8223166316479676,800.8606632637492
2.363316395502343,2.6086628689198443,0.2606508248051981,107.75106633485817,25,1.0,0.9472561433504225,1643.8504205548882
4.914575923558921,0.7137871084817605,0.23945737082217528,82.52282073796597,15,1.0,0.7957553663022261,513.022778324397
2.484993829079155,1.4429452616054876,0.4874411912872058,98.39752143292658,15,0.8,0.7992503828240008,806.2630033498921
3.9820707313080463,2.25875078435344,0.6864929702898364,102.01598012737702,15,1.0,0.8911742326554555,1105.7588359591914
3.519759010749959,1.9676380367059156,0.5018527760899671,83.37513238498646,20,1.0,0.9345086520221645,927.9652315378122
1.262662618251428,1.3842718987192413,0.40279099424355175,110.28158647865777,20,0.8,0.7849231959306552,1039.2664571900812
3.444587812630677,2.2576750440778035,0.5441690001545145,98.16383605014174,25,1.0,0.9586856332453239,1310.0361192668668
1.3025639920075227,2.6088621620278647,0.8452491494097538,110.83905652859235,25,0.8,0.9417120761832408,1632.2610286626352
4.6882383394486,1.4527461451276071,0.6001693396482796,117.78732954429321,20,1.0,0.9558976125157456,1102.2620426221413
2.315621991810648,2.531061932795129,0.47969227811801224,90.95126951722649,20,1.0,0.88558278967508,1200.0267838294026
3.4247725070346657,2.061135909289209,0.5932756660335683,108.56238978538093,25,0.8,0.941506774332921,1351.9668405792868
1.3352289970586222,1.8315193872551805,0.7413567196037187,115.2093776914246,20,0.8,0.9572295024236579,1224.4821182589474
2.175479591845476,1.8483204735131118,0.838940365970759,87.09021270884514,25,1.0,0.9586985917078712,973.0352963154406
2.887574855392569,1.2207990066682515,0.4252154851415978,102.22264746948719,25,0.8,0.9424020899712648,938.4315490356271
3.3747148825249695,2.7611207063014223,0.5358243740751827,105.12384940317774,20,1.0,0.9477727545425347,1472.3784368847025
1.0904717229815286,1.2930323518389646,0.2387421579611626,82.5728774366845,25,1.2,0.8227524109359218,855.3170496869631
4.1663136958995555,2.821429822332318,0.2858439016733024,87.15760101235591,20,1.0,0.9413071222263376,1304.6046027535297
3.470738984052579,2.2095558228591905,0.8173452746509777,84.99506001573332,15,0.8,0.9521286595377149,881.2594951988261
0.8520056511544565,2.7491093969000584,0.9411199013140708,92.59196384027842,25,1.0,0.9488115025680263,1470.617886501431
3.9613719996770422,2.3452538472799382,0.5069364746511424,89.46505099052294,20,1.2,0.9572902216868654,1132.6362560035263
4.578030326567393,1.5884625498077414,0.6526108487886211,102.13854375751194,15,0.8,0.8796819415373812,898.3281236758636
4.627248532746731,1.2380733498778944,0.5572548048903657,116.98913341503237,15,1.2,0.8696529497794524,902.5711484702351
0.8752709568458313,0.7558851327135453,0.9259163829557739,116.45647460060732,25,1.2,0.9559906352862473,865.1766999455702
3.922794128996043,2.859793345645073,0.34147062097406106,115.45239517389568,20,0.8,0.9423494648193512,1722.0613176864122
2.9252962969947403,0.7974036370177222,0.3931189855870446,107.79576762405246,15,1.0,0.785069509270574,658.2418371991483
0.8070207651196383,0.8722687538693076,0.875062622506972,105.33111523153998,25,1.0,0.9467909821712641,849.133299650138
4.1869826630178775,2.6817024624827623,0.9393843522904677,119.74179352887946,15,1.2,0.9495684470116958,1423.2541708760423
1.1048083299086575,0.6697478579861766,0.5216483808375676,113.64156272036024,20,1.0,0.8050928620149037,749.6735073468282
4.122957776275031,1.5839828061882923,0.7266798697797825,109.21911221013687,25,0.8,0.9534273860854316,1145.16487767611
1.630907763737876,2.795291959509991,0.41005938656675567,87.96964814916203,20,1.2,0.8313206909725833,1285.4861726613667
1.2227524232442517,1.308277779762285,0.8005087369161452,119.0942054607058,20,1.2,0.9415892086136114,1033.357166018094
3.1288413527360266,2.4137234647500065,0.689751061392222,92.89745520238742,25,1.0,0.9481637846818516,1267.8612201771844
2.4042811134502404,2.3972142910402527,0.8253622339661257,98.31364203407286,15,1.2,0.9590185508675886,1070.5285540726784
2.910355197964498,0.782766508472978,0.9326614582130512,103.67710317436368,15,1.0,0.9418499288433742,583.3389636956035
2.249072180799254,2.4344183709244502,0.9070163600896461,109.80672880775197,25,1.0,0.9461565529558461,1463.3691647979838
3.944053105637142,2.159201596343675,0.28228586521755916,118.57701845338502,20,1.2,0.9415327928424262,1459.5839046320268
4.842509743911915,1.8275156294093124,0.30888227172900806,118.08995109517821,15,1.0,0.8151538126730271,1197.5670924818596
2.9835614420292487,1.0423570687768062,0.518962214116576,117.48688829914991,20,1.0,0.9313236426401053,891.1800447860414
3.7213197421178252,0.6175701691592943,0.3998484964523323,118.19643020231851,15,0.8,0.8093119455525637,656.8175392383124
1.1870097704742393,1.174919553442357,0.8648479872817971,91.13070845145947,25,0.8,0.9426814359822375,814.9649694232543
2.0233400021601993,2.010122916159581,0.4307383895935647,85.32188777712268,25,0.8,0.9568177815288191,1068.5276317065434
3.9387225719697705,0.7968596885607235,0.8526406124312325,102.60842964837258,25,1.2,0.9535970593199239,731.7134996414204
2.8788850170881854,2.7319889478311596,0.4304381047579504,94.77892865773354,25,1.0,0.9584660448733435,1461.089075822089
4.749006683488969,2.749852772399083,0.764168715433271,104.39140642284784,20,1.2,0.9568677868397026,1463.2325571101921
2.3224617187879506,0.8848006624050784,0.611617873829789,91.16636261127358,25,0.8,0.9452528876326585,693.818486743802
4.856021667544117,2.703878127247911,0.4813873866358397,99.62429066618859,20,1.2,0.9435698379818359,1438.1360983573904
1.7534744544825485,1.5009375421115076,0.5246642253995437,114.7158795166599,25,1.2,0.9552934875482243,1189.8064511164982
3.7381361236104054,2.1960613638203763,0.5917405464452345,84.7107890615778,15,1.0,0.8642385338796977,906.9537854505589
3.5638659459165254,0.6969363324878215,0.4780621084808149,116.55503905682461,25,1.0,0.9475380243330102,819.2505305568791
2.744545835487256,0.5621458135121131,0.6307509150974788,100.31390459978965,15,1.0,0.8445692373471463,515.322431360038
1.09931668476339,2.39181798719566,0.7740797533797528,112.69579283509887,20,1.0,0.9427466015485566,1460.0551157926416
3.8415604422891985,0.7979087477952083,0.40596186076124946,90.5822016489691,20,0.8,0.9493710420590888,622.8401814822001
4.742232281946117,0.9560532761473577,0.3396106407818843,81.32758742499041,25,0.8,0.9408628143160863,692.3322153832836
1.5806571078280025,1.7493610751451587,0.5386730409093563,112.59102659724786,25,0.8,0.9431942582247571,1292.334138305376
4.403085245959707,1.7678410161379081,0.6663710580345041,85.27715697691204,15,1.0,0.880986686940641,796.3238863191933
2.317483260007039,1.9965188535757188,0.6576806833352826,92.78946864064224,20,1.0,0.9101514334173034,1014.3315272976466
4.738681307456237,0.9678016501445239,0.23921447066871457,115.78784006563626,20,0.8,0.9487653582434458,913.1737770717431
4.6324129582812565,1.409808985510214,0.5415865737844121,105.61240257630351,15,1.2,0.8551300236510162,879.3098625595721
4.074391360487148,1.8593107717566586,0.3508604117746619,91.1496138921139,20,1.0,0.944518543579825,1009.7817018956789
1.7197546839931857,1.256657431969847,0.4056286737966934,89.24941757751662,20,1.2,0.8412173588989904,772.5673435063326
2.118081982339376,1.0675772868221365,0.22207107155553477,96.24233379412019,25,0.8,0.9523053408732203,848.7700533210763
0.939025803577576,2.212203742340524,0.5329109158694356,98.4628348778991,25,1.0,0.8577775830323746,1400.0625179461147
1.1325522845342273,1.9022007863549848,0.37242489044209176,93.16386330673993,25,1.2,0.8484929161678381,1194.9742637418985
1.5154776572269606,0.8048178090265452,0.3148625464655362,92.37856614604554,20,0.8,0.7963920931210342,654.2631045935943
4.3005517281083705,0.9186089435240412,0.4192627511380804,85.89233778574253,15,1.2,0.8321886395927142,573.0179217903517
4.703616455001361,1.5524140554579817,0.45841768770869273,117.1024001860703,20,1.2,0.9587809635119633,1162.790119051738
3.0733960005818384,2.3730714651345273,0.20981899225664896,114.81389913231364,20,0.8,0.9056895399015175,1499.052151577499
4.442992968480787,2.5019496407482618,0.7235050320801744,115.12521259224255,25,1.0,0.9571795621827025,1651.4252149025515
2.747747522711806,1.5939116856066562,0.27246133474202494,112.09160074069895,20,1.0,0.8979845992522826,1114.0456900547322
3.509105927765802,0.5690927877808417,0.7479036907039678,110.81194376613281,15,0.8,0.9517842434532005,567.524741857884
1.4329039834747235,1.2289622764708428,0.7763576396237801,113.01541436361734,25,1.2,0.9575541838874647,1027.6181141960149
2.583257381379647,0.9003075180113445,0.6369450671203665,97.45249312553318,20,0.8,0.9186294286149519,676.1289881434568
4.923350945464628,1.8869656941263169,0.5265456595543221,104.36059786050572,25,1.2,0.9412417740087718,1286.7335713632374
4.403660272855459,2.4894680156853446,0.5688587643471442,95.71888476796822,15,0.8,0.8651656264343884,1141.869887262728
4.602868904054089,2.1714381669867224,0.6554756168358322,119.76891479116557,25,1.0,0.9488406674509209,1578.0317930729395
1.3223610746812078,2.6553288112629705,0.48975595287130064,109.99229413533503,25,0.8,0.9073553717931517,1719.380158553177
1.1144460035807937,2.717963920032558,0.8486242652548608,111.13223815674311,15,1.2,0.9526000496276086,1403.4850779873666
2.9507207396201913,1.478447909460134,0.2674563696183013,92.71743787354274,25,1.0,0.9562067930502264,970.1196906270924
3.183359786715803,1.2681527789689424,0.418913036904895,114.66939503181631,20,0.8,0.9372761963533072,980.9680005550479
3.7763838476695124,0.7347082008230181,0.6881751751491536,104.89677802335194,25,0.8,0.9525687063697804,735.9529540082436
1.5612004718417714,0.6236792688590047,0.3476658891849449,109.53723951409677,15,1.0,0.6901394971147969,623.7488481213827
4.127339457356639,1.2155577022256114,0.7669685213874369,108.04716153463147,20,1.2,0.9486216321722296,878.2573795858169
3.1046472152642455,2.4557686384112096,0.8989160976151507,107.23780258745745,15,0.8,0.9405345669557358,1177.2128570268076
2.079587088282303,1.8796466968782326,0.2666369235826497,101.61178464171701,15,1.2,0.7049483274358769,1016.196318443012
3.9988302437289818,1.3923102505680605,0.5633087459331254,90.93302916342688,25,1.0,0.9548476655673345,899.6377004922256
4.253698014992442,1.1815177155952772,0.23211031206429902,103.0190192971192,20,1.0,0.9440953199249305,888.5477868598933
1.3462563968079326,1.6212376422327872,0.886640919873082,112.66585413641724,25,1.0,0.9483844172184756,1193.9303201520095
1.6139495840911615,1.2097274311114612,0.5270989777296076,95.9807322822582,15,1.2,0.7691459808011284,724.2586643884849
3.8379836235996247,2.466187185077928,0.6285942862595012,80.89678883964272,20,0.8,0.9463731046580552,1040.8559767591523
2.1685433156054303,2.416841322042767,0.41630675483776447,95.27233370540861,15,0.8,0.7664473580032255,1106.5542665267174
0.8543074321918306,0.7104190667465172,0.2137450512407019,118.22959913573837,25,1.2,0.7464533132855647,944.6497069408064
1.0754619325411028,2.5364877485294572,0.8314560869934782,84.27961662981537,15,0.8,0.9537513433459358,1019.1659441853623
0.812235997088647,0.5996608156234391,0.3211813713051673,83.17132895071728,20,1.0,0.6696055876019401,560.8096694362652
4.541933135827097,0.7865624153739998,0.4885654513008981,97.47127886184279,25,0.8,0.9502249993537014,738.5173252567685
2.853721798897837,0.8493505062237395,0.831236032664544,118.63491571761345,15,0.8,0.953432334840518,702.1346127343066
0.856023898263886,1.1072808869593584,0.6346537381932567,100.44034452761602,20,1.2,0.9586674012797952,850.0286456110027
3.909836440415006,1.0656804346796567,0.8469761796285467,84.76340199677392,25,1.2,0.9552200623916529,694.9496121793187
1.463705409506845,0.8211892383647047,0.2550040994315024,91.49509503975293,15,1.2,0.6381232457907527,595.0475868674149
3.3267569707496882,2.486541875205044,0.22113351427234618,87.9563596000035,20,1.0,0.9201817818730799,1189.227186268241
1.3531818548762566,0.7013715985748499,0.3145942890655437,81.84128747320739,20,0.8,0.7740524075907838,552.6084729113562
4.210552157459251,1.881602268191745,0.8631002235150966,99.38112177408027,15,0.8,0.9476410501842591,935.1321755879744
4.609012667737749,2.7862965745734036,0.4302149868625653,98.16588394367277,20,0.8,0.9477150555118689,1447.1048121849356
3.8036538945898455,2.3561682145485037,0.26761597640674917,84.48936437189951,15,1.2,0.7804130707746197,992.919177949546
